,iteration,x,f(x),sum,epsilon,converged,gradient,alpha_n
0,0,[4 8],13,[0. 0.],0.0001,False,[-12 -20],[0.01 0.01]
1,1,[4.12000000000000 8.20000000000000],8.19908608000001,[14.4000000000000 40.0000000000000],0.0001,False,[-12 -20],[0.00263516194085918 0.00158111383047947]
2,2,[4.14154946893793 8.22529782128767],7.63086447255425,[19.6474188496896 61.6000000000000],0.0001,False,[-8.17766400000000 -16.0000000000000],[0.00225599145534964 0.00127410174503466]
3,3,[4.15867580719348 8.24503880924326],7.20271862206372,[23.4457501388421 79.4465386280652],0.0001,False,[-7.59149074564507 -15.4940435742466],[0.00206518501300083 0.00112190901404315]
4,4,[4.17343390360894 8.26197876454651],6.84708734897404,[26.2079034838055 94.3005407472121],0.0001,False,[-7.14613766929212 -15.0992238151348],[0.00195332890339586 0.00102976573364338]
5,5,[4.18667089801813 8.27717854412594],6.53747210222312,[28.1793895209002 106.657500431702],0.0001,False,[-6.77663366685499 -14.7604247090697],[0.00188376198615077 0.000968278065872352]
6,6,[4.19883293196688 8.29117638735123],6.26029531053632,[29.5297639766134 116.890584671408],0.0001,False,[-6.45624767787236 -14.4564291174813],[0.00184018726228339 0.000924924359762559]
7,7,[4.21018859597715 8.30428855187351],6.00753119798409,[30.3848234261839 125.298762758205],0.0001,False,[-6.17092849353474 -14.1764722529754],[0.00181411060812834 0.000893352236259923]
8,8,[4.22091403824452 8.31671885943302],5.77398688862966,[30.8417894658063 132.129463244555],0.0001,False,[-5.91223171250988 -13.9142289625299],[0.00180062135223332 0.000869954194577481]
9,9,[4.23113189426224 8.32860732531925],5.55608516081487,[30.9777506081784 137.591441602281],0.0001,False,[-5.67462781947219 -13.6656228113397],[0.00179666562043647 0.000852512169274537]
10,10,[4.24093139705717 8.34005473382980],5.35124550381217,[30.8548837357954 141.863022386651],0.0001,False,[-5.45427189314470 -13.4278534936149],[0.00180023924255065 0.000839579352574130]
11,11,[4.25037971621935 8.35113626221591],5.15753939812541,[30.5239326869863 145.097830321605],0.0001,False,[-5.24836862726930 -13.1989053234041],[0.00180997216375849 0.000830167897822829]
12,12,[4.25952879000868 8.36190957911930],4.97348466888917,[30.0266545216314 147.429013297890],0.0001,False,[-5.05481463888016 -12.9772747556818],[0.00182489802401861 0.000823578392252952]
13,13,[4.26841966245344 8.37241992877812],4.79791601679850,[29.3976110622137 148.972487376889],0.0001,False,[-4.87198316165549 -12.7618084176140],[0.00184431870240781 0.000819300853364504]
14,14,[4.27708535527011 8.38270346653625],4.62989989018335,[28.6655224134174 149.829508470995],0.0001,False,[-4.69858750841680 -12.5516014244376],[0.00186772081149591 0.000816954321829650]
15,15,[4.28555283707837 8.39278952795353],4.46867647138478,[27.8543146875618 150.088758032949],0.0001,False,[-4.53359075732044 -12.3459306692749],[0.00189472215064603 0.000816248456642809]
16,16,[4.29384441385250 8.40270222016683],4.31361893481018,[26.9839467586421 149.828064524171],0.0001,False,[-4.37614389598471 -12.1442094409295],[0.00192503621414105 0.000816958258428988]
17,17,[4.30197873560769 8.41246156724635],4.16420409261201,[26.0710727693370 149.115843583499],0.0001,False,[-4.22554219782407 -11.9459555966634],[0.00195844799441371 0.000818906934314974]
18,18,[4.30997154118286 8.42208435318152],4.01999077304783,[25.1295796768351 148.012315623653],0.0001,False,[-4.08119367885394 -11.7507686550730],[0.00199479708241252 0.000821953981913026]
19,19,[4.31783621976759 8.43158475452377],3.88060358534652,[24.1710278677397 146.570543854793],0.0001,False,[-3.94259579286055 -11.5583129363696],[0.00203396561613663 0.000825986716593320]
20,20,[4.32558424137036 8.44097482336922],3.74572052143651,[23.2050153572658 144.837325120906],0.0001,False,[-3.80931788684019 -11.3683049095247],[0.00207586953067400 0.000830914128474625]
21,21,[4.33322549173120 8.45026486171793],3.61506334506879,[22.2394809200681 142.853958533098],0.0001,False,[-3.68098777304251 -11.1805035326157],[0.00212045210634082 0.000836662351280736]
22,22,[4.34076853635731 8.45946371558546],3.48839004170352,[21.2809578530221 140.656911570269],0.0001,False,[-3.55728130032020 -10.9947027656414],[0.00216767914828643 0.000843171268847947]
23,23,[4.34822083117086 8.46857900888122],3.36548881603589,[20.3347874370422 138.278399403989],0.0001,False,[-3.43791414861160 -10.8107256882907],[0.00221753534517033 0.000850391939111740]
24,24,[4.35558889238064 8.47761733142367],3.24617326834170,[19.4052992248987 135.746890255657],0.0001,False,[-3.32263529680986 -10.6284198223755],[0.00227002149401066 0.000858284615137721]
25,25,[4.36287843481562 8.48658439157674],3.13027848027780,[18.4959638266182 133.087547327248],0.0001,False,[-3.21122176781584 -10.4476533715267],[0.00232515237104760 0.000866817208733004]
26,26,[4.37009448558391 8.49548514126901],3.01765781053556,[17.6095227547159 130.322616073428],0.0001,False,[-3.10347436071166 -10.2683121684652],[0.00238295509130529 0.000875964086663626]
27,27,[4.37724147822365 8.50432387921774],2.90818025047162,[16.7480990337890 127.471764173300],0.0001,False,[-2.99921415464898 -10.0902971746198],[0.00244346784285673 0.000885705120039069]
28,28,[4.38432333128057 8.51310433677890],2.80172822580595,[15.9132916073684 124.552380424520],0.0001,False,[-2.89827962239378 -9.91352241564522],[0.00250673891213565 0.000896024928723489]
29,29,[4.39134351434265 8.52182974981757],2.69819575684054,[15.1062560429940 121.579837856608],0.0001,False,[-2.80052423014409 -9.73791326442205],[0.00257282593819997 0.000906912277710375]
30,30,[4.39830510388863 8.53050291923209],2.59748690921716,[14.3277736109218 118.567725597329],0.0001,False,[-2.70581442864664 -9.56340500364863],[0.00264179534937996 0.000918359593217525]
31,31,[4.40521083080117 8.53912626219431],2.49951448191790,[13.5783104683175 115.528053391579],0.0001,False,[-2.61402796176300 -9.38994161535814],[0.00271372194707026 0.000930362574123476]
32,32,[4.41206312101023 8.54770185573533],2.40419889035281,[12.8580684011937 112.471432140381],0.0001,False,[-2.52505243452076 -9.21747475611380],[0.00278868860978224 0.000942919880150713]
33,33,[4.41886413043699 8.55623147397498],2.31146721091223,[12.1670283471576 109.407233378554],0.0001,False,[-2.43878409475565 -9.04596288529348],[0.00286678609680898 0.000956032882503096]
34,34,[4.42561577517969 8.56471662003697],2.22125235995957,[11.5049877329453 106.343730228315],0.0001,False,[-2.35512679171082 -8.87537052050050],[0.00294811293555650 0.000969705465898788]
35,35,[4.43231975770425 8.57315855349227],2.13349238538438,[10.8715925038108 103.288222040365],0.0001,False,[-2.27399108212865 -8.70566759926055],[0.00303277538017515 0.000983943873395828]
36,36,[4.43897758966191 8.58155831401633],2.04812985287979,[10.2663645909677 100.247144654601],0.0001,False,[-2.19529345996843 -8.53682893015457],[0.00312088743187845 0.000998756587290939]
37,37,[4.44559061184443 8.58991674182179],1.96511131231079,[9.68872545361118 97.2261679718953],0.0001,False,[-2.11895569028758 -8.36883371967349],[0.00321257091347324 0.00101415424083097]
38,38,[4.45216001169880 8.59823449532930],1.88438683209502,[9.13801623977572 94.2302823202279],0.0001,False,[-2.04490423131662 -8.20166516356414],[0.00330795559230015 0.00103014955661743]
39,39,[4.45868683875127 8.60651206645931],1.80590959156911,[8.61351503235263 91.2638749179374],0.0001,False,[-1.97306973154644 -8.03531009341410],[0.00340717934710741 0.00104675730848600]
40,40,[4.46517201823330 8.61474979386401],1.72963552297229,[8.11445158055424 88.3307975798286],0.0001,False,[-1.90338659088710 -7.86975867081381],[0.00351038837543911 0.00106399430436327]
41,41,[4.47161636315451 8.62294787436567],1.65552299602688,[7.64001986099115 85.4344266749587],0.0001,False,[-1.83579257676985 -7.70500412271988],[0.00361773743897191 0.00108187938818402]
42,42,[4.47802058502941 8.63110637282557],1.58353253919837,[7.18938876470126 82.5777162252774],0.0001,False,[-1.77022848753834 -7.54104251268649],[0.00372939014492974 0.00110043345942861]
43,43,[4.48438530343308 8.63922523063182],1.51362659262436,[6.76171116561693 79.7632449295459],0.0001,False,[-1.70663785668135 -7.37787254348859],[0.00384551926227891 0.00111967950923418]
44,44,[4.49071105453471 8.64730427296603],1.44576928845109,[6.35613159098269 76.9932578050977],0.0001,False,[-1.64496669245143 -7.21549538736352],[0.00396630707188379 0.00113964267236553]
45,45,[4.49699829873627 8.65534321498381],1.37992625493903,[5.97179268423963 74.2697030593089],0.0001,False,[-1.58516324823409 -7.05391454067944],[0.00409194575020687 0.00116035029461602]
46,46,[4.50324742752546 8.66334166702451],1.31606444121869,[5.60784062511820 71.5942647316859],0.0001,False,[-1.52717781971366 -6.89313570032385],[0.00422263778648216 0.00118183201545692]
47,47,[4.50945876963683 8.67129913894812],1.25415196001310,[5.26342964950202 68.9683915849909],0.0001,False,[-1.47096256545037 -6.73316665950989],[0.00435859643359097 0.00120411986597416]
48,48,[4.51563259660233 8.67921504368323],1.19415794601102,[4.93772579251103 66.3933226687416],0.0001,False,[-1.41647134796020 -6.57401722103756],[0.00450004619313334 0.00122724838233207]
49,49,[4.52176912776160 8.68708870005755],1.13605242788446,[4.62990996176072 63.8701099298336],0.0001,False,[-1.36365959278989 -6.41569912633543],[0.00464722333542542 0.00125125473518971]
50,50,[4.52786853479321 8.69491933497250],1.07980621220823,[4.33918043350722 61.3996382021171],0.0001,False,[-1.31248416341901 -6.25822599884896],[0.00480037645536833 0.00127617887567105]
51,51,[4.53393094582044 8.70270608497418],1.02539077776322,[4.06475485206992 58.9826428688503],0.0001,False,[-1.26290325010833 -6.10161330055001],[0.00495976706533362 0.00130206369866071]
52,52,[4.53995644913810 8.71044799726593],0.972778178897947,[3.80587180226113 56.6197254584205],0.0001,False,[-1.21487627105894 -5.94587830051648],[0.00512567022639714 0.00132895522436362]
53,53,[4.54594509660168 8.71814403020110],0.921940956787591,[3.56179201531776 54.3113674040709],0.0001,False,[-1.16836378445561 -5.79104005468136],[0.00529837521943215 0.00135690279923333]
54,54,[4.55189690671492 8.72579305328912],0.872852057572927,[3.33179926082487 52.0579421721149],0.0001,False,[-1.12332741014759 -5.63711939597798],[0.00547818625774418 0.00138595931754213]
55,55,[4.55781186744754 8.73339384674369],0.825484756484528,[3.11520097017814 49.8597259398836],0.0001,False,[-1.07972975987399 -5.48413893421767],[0.00566542324309946 0.00141618146503706]
56,56,[4.56368993881160 8.74094510059782],0.779812587165829,[2.91132863110639 47.7169069840603],0.0001,False,[-1.03753437507423 -5.33212306512615],[0.00586042256716530 0.00144762998630215]
57,57,[4.56953105522132 8.74844541340728],0.735809275502645,[2.71953798754362 45.6295939218252],0.0001,False,[-0.996705671438971 -5.18109798804360],[0.00606353796054813 0.00148036997762828]
58,58,[4.57533512765871 8.75589329056181],0.693448677350032,[2.53920907459477 43.5978229310760],0.0001,False,[-0.957208889456818 -5.03109173185436],[0.00627514139178272 0.00151447120737925]
59,59,[4.58110204566481 8.76328714222126],0.652704719621067,[2.36974611439034 41.6215640616780],0.0001,False,[-0.919010050298932 -4.88213418876373],[0.00649562401879747 0.00155000846603587]
60,60,[4.58683167917416 8.77062528089279],0.613551344268400,[2.21057729519104 39.7007267370214],0.0001,False,[-0.882075916459188 -4.73425715557485],[0.00672539719555490 0.00158706194829772]
61,61,[4.59252388020850 8.77790591866472],0.575962454749271,[2.06115445311873 37.8351645339397],0.0001,False,[-0.846373956633833 -4.58749438214423],[0.00696489353674612 0.00162571766982457]
62,62,[4.59817848444360 8.78512716411252],0.539911864619574,[1.92095267329289 36.0246793191122],0.0001,False,[-0.811872314382198 -4.44188162670559],[0.00721456804360275 0.00166606792140361]
63,63,[4.60379531266223 8.79228701889359],0.505373247953693,[1.78946982489292 34.2690248112940],0.0001,False,[-0.778539780161016 -4.29745671774953],[0.00747489929408141 0.00170821176353063]
64,64,[4.60937417210440 8.79938337404887],0.472320091335287,[1.66622604270138 32.5679096309692],0.0001,False,[-0.746345766369374 -4.15425962212825],[0.00774639070087452 0.00175225556459079]
65,65,[4.61491485772546 8.80641400603231],0.440725647210710,[1.55076316597261 30.9209998921929],0.0001,False,[-0.715260285080674 -4.01233251902266],[0.00802957184090780 0.00179831358600885]
66,66,[4.62041715337098 8.81337657249258],0.410562888442807,[1.44264414398294 29.3279213853919],0.0001,False,[-0.685253928172610 -3.87171987935375],[0.00832499986020030 0.00184650861790416]
67,67,[4.62588083287713 8.82026860783648],0.381804463948997,[1.34145241632320 27.7882613946375],0.0001,False,[-0.656297849596854 -3.73246855014850],[0.00863326095818785 0.00189697266892036]
68,68,[4.63130566110372 8.82708751861011],0.354422655354721,[1.24679127486663 26.3015701883352],0.0001,False,[-0.628363749557170 -3.59462784327036],[0.00895497195584533 0.00194984771399089]
69,69,[4.63669139490708 8.83383057874128],0.328389334643038,[1.15828321336446 24.8673622183181],0.0001,False,[-0.601423860388734 -3.45824962779787],[0.00929078195218962 0.00200528650383272]
70,70,[4.64203778405861 8.84049492469727],0.303675922833579,[1.07556926976672 23.4851170589446],0.0001,False,[-0.575450933952778 -3.32338842517444],[0.00964137407400178 0.00206345343991015]
71,71,[4.64734457211485 8.84707755062361],0.280253349780959,[0.998308365623465 22.1542801149433],0.0001,False,[-0.550418230379535 -3.19010150605450],[0.0100074673238768 0.00212452551845392]
72,72,[4.65261149724383 8.85357530354450],0.258092015244482,[0.926176646274214 20.8742631243800],0.0001,False,[-0.526299508009422 -3.05844898752787],[0.0103898185319919 0.00218869334682538]
73,73,[4.65783829301249 8.85998487872336],0.237161751449182,[0.858866824971462 19.6444444812254],0.0001,False,[-0.503069014397315 -2.92849392911000],[0.0107892244172797 0.00225616223504473]
74,74,[4.66302468913913 8.86630281530255],0.217431787433364,[0.796087533594280 18.4641694005473],0.0001,False,[-0.480701478258227 -2.80030242553278],[0.0112065237640039 0.00232715336461062]
75,75,[4.66817041221470 8.87252549236671],0.198870715561167,[0.737562682182825 17.3327499483335],0.0001,False,[-0.459172102244607 -2.67394369394896],[0.0116425997200602 0.00240190503577459]
76,76,[4.67327518639616 8.87864912560305],0.181446460671020,[0.683030829154488 16.2494649573542],0.0001,False,[-0.438456556456226 -2.54949015266590],[0.0120983822236663 0.00248067399313770]
77,77,[4.67833873407503 8.88466976476627],0.165126252432589,[0.632244563741012 15.2135598502950],0.0001,False,[-0.418530972593099 -2.42701748793900],[0.0125748505654641 0.00256373682774219]
78,78,[4.68336077652386 8.89058329219469],0.149876601596784,[0.584969901906658 14.2242463916282],0.0001,False,[-0.399371938670556 -2.30660470467456],[0.0130730360934323 0.00265139145166585]
79,79,[4.68834103452286 8.89638542266958],0.135663280944815,[0.540985696765075 13.2807023903434],0.0001,False,[-0.380956494223187 -2.18833415610621],[0.0135940250684020 0.00274395863841695]
80,80,[4.69327922896917 8.90207170496021],0.122451311873195,[0.500083064302182 12.3820713767236],0.0001,False,[-0.363262125931323 -2.07229154660843],[0.0141389616783823 0.00284178361910030]
81,81,[4.69817508147035 8.90763752545402],0.110204957689494,[0.462064825030054 11.5274622778272],0.0001,False,[-0.346266763609947 -1.95856590079575],[0.0147090512203363 0.00294523772031878]
82,82,[4.70302831492406 8.91307811433352],0.0988877248366809,[0.426744962038796 10.7159491182147],0.0001,False,[-0.329948776505486 -1.84724949091955],[0.0153055634585046 0.00305472002504807]
83,83,[4.70783865408530 8.91838855482873],0.0884623734068394,[0.393948095776726 9.94657077470594],0.0001,False,[-0.314286969850967 -1.73843771332963],[0.0159298361688504 0.00317065903227026]
84,84,[4.71260582612253 8.92356379614410],0.0788909384423442,[0.363508975771085 9.21833081655311],0.0001,False,[-0.299260581634658 -1.63222890342550],[0.0165832788797025 0.00329351428502888]
85,85,[4.71732956116385 8.92859867072996],0.0701347636450902,[0.335271989399497 8.53019746529381],0.0001,False,[-0.284849279541315 -1.52872407711794],[0.0172673768192009 0.00342377792990988]
86,86,[4.72200959283403 8.93348791663638],0.0621545492107591,[0.309090687734666 7.88110371162557],0.0001,False,[-0.271033158029020 -1.42802658540080],[0.0179836950806978 0.00356197616401702]
87,87,[4.72664565878342 8.93822620574758],0.0549104155604418,[0.284827328409263 7.26994762979779],0.0001,False,[-0.257792735507880 -1.33024166727242],[0.0187338830178532 0.00370867051870673]
88,88,[4.73123750120914 8.94280817873904],0.0483619847379196,[0.262352435383293 6.69559293307160],0.0001,False,[-0.245108951590024 -1.23547588504832],[0.0195196788817676 0.00386445892328731]
89,89,[4.73578486736918 8.94722848761926],0.0424684811551837,[0.241544375440903 6.15686981653028],0.0001,False,[-0.232963164383122 -1.14383642521929],[0.0203429147131360 0.00402997648741453]
90,90,[4.74028751008977 8.95148184670125],0.0371888531762108,[0.222288951196535 5.65257613563530],0.0001,False,[-0.221337147802231 -1.05543024761488],[0.0212055215030785 0.00420589593914025]
91,91,[4.74474518826618 8.95556309277993],0.0324819167016180,[0.204479010350409 5.18147897005261],0.0001,False,[-0.210213088877150 -0.970363065974993],[0.0221095346370069 0.00439292765786662]
92,92,[4.74915766735714 8.95946725515507],0.0283065214264716,[0.188014070899726 4.74231662197876],0.0001,False,[-0.199573585034633 -0.888738144401458],[0.0230570996366241 0.00459181924942573]
93,93,[4.75352471987278 8.96318963591529],0.0246217397641783,[0.172799961983862 4.33380109596745],0.0001,False,[-0.189401641336841 -0.810654896898598],[0.0240504782159334 0.00480335462586219]
94,94,[4.75784612585614 8.96672590056741],0.0213870775419919,[0.158748480018523 3.95462110253266],0.0001,False,[-0.179680667659240 -0.736207281694192],[0.0250920546679463 0.00502835257688436]
95,95,[4.76212167335785 8.97007217863992],0.0185627044713317,[0.145777059754745 3.60344562000139],0.0001,False,[-0.170394475792932 -0.665481988651806],[0.0261843425996374 0.00526766485462479]
96,96,[4.76635115890382 8.97322517329500],0.0161097010912630,[0.133808459883264 3.27892803765569],0.0001,False,[-0.161527276457972 -0.598556427201657],[0.0273299920335894 0.00552217383875926]
97,97,[4.77053438795543 8.97618227824635],0.0139903174155702,[0.122770462792606 2.97971088769344],0.0001,False,[-0.153063676215765 -0.535496534100048],[0.0285317968957225 0.00579278990429094]
98,98,[4.77467117536188 8.97894169940871],0.0121682369561800,[0.112595588080004 2.70443115370547],0.0001,False,[-0.144988674270054 -0.476354435073006],[0.0297927029094877 0.00608044867664563]
99,99,[4.77876134580399 8.98150257772796],0.0106088382608146,[0.103220819407419 2.45172611928665],0.0001,False,[-0.137287659147334 -0.421166011825875],[0.0311158159179516 0.00638610842302161]
100,100,[4.78280473422891 8.98386510861147],0.00927944474277338,[0.0945873442903857 2.22023969258639],0.0001,False,[-0.129946405248796 -0.369948445440798],[0.0325044106562924 0.00671074788751551]
101,101,[4.78680118627500 8.98603065237749],0.00814955258099788,[0.0866403064047400 2.00862911213254],0.0001,False,[-0.122951069267121 -0.322697827770526],[0.0339619399983795 0.00705536492044726]
102,102,[4.79075055868616 8.98800182928104],0.00719102603152771,[0.0793285699953413 1.81557190783922],0.0001,False,[-0.116288186462568 -0.279386952450182],[0.0354920447023162 0.00742097626826808]
103,103,[4.79465271971479 8.98978259208440],0.00637824981061014,[0.0726044959714490 1.63977296107936],0.0001,False,[-0.109944666793884 -0.239963414379247],[0.0370985636810986 0.00780861886866577]
104,104,[4.79850754951248 8.99137826896917],0.00568822943376741,[0.0664237292752890 1.47997148195197],0.0001,False,[-0.103907790900628 -0.204348158312058],[0.0387855448258768 0.00821935292815642]
105,105,[4.80231494050760 8.99279556997305],0.00510063258767793,[0.0607449971133760 1.33494770359549],0.0001,False,[-0.0981652059344814 -0.172434620616599],[0.0405572564107082 0.00865426694455962]
106,106,[4.80607479776878 8.99404255118578],0.00459776771410184,[0.0555299176442138 1.20352908571647],0.0001,False,[-0.0927049212380554 -0.144088600538964],[0.0424181991091687 0.00911448468057889]
107,107,[4.80978703935347 8.99512853270483],0.00416449979288399,[0.0507428187209501 1.08459582499979],0.0001,False,[-0.0875153038706745 -0.119148976284322],[0.0443731186547340 0.00960117391307226]
108,108,[4.81345159664036 8.99606396879909],0.00378810747543941,[0.0463505662933069 0.977085490244122],0.0001,False,[-0.0825850739814327 -0.0974293459033220],[0.0464270191784751 0.0101155565999773]
109,109,[4.81706841464495 8.99686027172693],0.00345808978089099,[0.0423224020795437 0.879996634884292],0.0001,False,[-0.0779033000307070 -0.0787206240182172],[0.0485851772593178 0.0106589199529442]
110,110,[4.82063745231710 8.99752959397366],0.00316593401805942,[0.0386297901262480 0.792391287141011],0.0001,False,[-0.0734593938621022 -0.0627945654613882],[0.0508531567239165 0.0112326278077004]
111,111,[4.82415868281963 8.99808457700222],0.00290485897360982,[0.0352462718813185 0.713396274664308],0.0001,False,[-0.0692431056275821 -0.0494081205267207],[0.0532368242350764 0.0118381316678134]
112,112,[4.82763209378701 8.99853807759516],0.00266954837977182,[0.0321473294135204 0.642203401008295],0.0001,False,[-0.0652445185692833 -0.0383084599556582],[0.0557423657096418 0.0124769808691178]
113,113,[4.83105768756316 8.99890288515271],0.00245588912114706,[0.0293102564204120 0.578068549592176],0.0001,False,[-0.0614540436622087 -0.0292384480967200],[0.0583763036088454 0.0131508314629588]
114,114,[4.83443548141753 8.99919144460175],0.00226072667601415,[0.0267140366751812 0.520309841072484],0.0001,False,[-0.0578624141226734 -0.0219422969458094],[0.0611455151462990 0.0138614536216414]
115,115,[4.83776550773838 8.99941559966482],0.00208164725082485,[0.0243392295719602 0.468305007438517],0.0001,False,[-0.0544606797880052 -0.0161711079649081],[0.0640572514610935 0.0146107375928591]
116,116,[4.84104781420269 8.99958637006375],0.00191679244742839,[0.0221678624384449 0.421488167644736],0.0001,False,[-0.0512402013735999 -0.0116880067035936],[0.0671191578058798 0.0154006984321035]
117,117,[4.84428246392162 8.99971377386196],0.00176470864327355,[0.0201833292940895 0.379346194469229],0.0001,False,[-0.0481926446139919 -0.00827259872500008],[0.0703392948023195 0.0162334798897987]
118,118,[4.84746953556105 8.99980670278708],0.00162423005302458,[0.0183702957417430 0.341414852038390],0.0001,False,[-0.0453099742951164 -0.00572452276074387],[0.0737261608189319 0.0171113579032430]
119,119,[4.85060912343635 8.99987285434292],0.00149439202231602,[0.0167146096902943 0.307274861387052],0.0001,False,[-0.0425844481854118 -0.00386594425845033],[0.0772887155291284 0.0180367441395560]
120,120,[4.85370133758090 8.99991872021662],0.00137436964020413,[0.0152032176156704 0.276548021889071],0.0001,False,[-0.0400086108738572 -0.00254291314163879],[0.0810364047101183 0.0190121899680555]
121,121,[4.85674630378774 8.99994962635026],0.00126343621936313,[0.0138240860773501 0.248893483956291],0.0001,False,[-0.0375752875234166 -0.00162559566751952],[0.0849791863463950 0.0200403911333177]
122,122,[4.85974416362411 8.99996981650314],0.00116093641031908,[0.0125661282173857 0.224004237060846],0.0001,False,[-0.0352775775487224 -0.00100747299470072],[0.0891275581046779 0.0211241932818871]
123,123,[4.86269507441825 8.99998256854357],0.00106626943632367,[0.0114191349787398 0.201603849796500],0.0001,False,[-0.0331088482271182 -0.000603669937277118],[0.0934925862504893 0.0222665983909171]
124,124,[4.86559920921856 8.99999033132836],0.000978878896013229,[0.0103737107895143 0.181443476971077],0.0001,False,[-0.0310627282524420 -0.000348629128609446],[0.0980859360799986 0.0234707720718492]
125,125,[4.86845675672471 8.99999486995213],0.000898246562165907,[0.00942121346935551 0.163299133013298],0.0001,False,[-0.0291331012411371 -0.000193373432750832],[0.102919903944368 0.0247400516818376]
126,126,[4.87126792119075 8.99999740830512],0.000823888460102932,[0.00855369812393307 0.146969220764664],0.0001,False,[-0.0273140992004340 -0.000102600957461618],[0.108007450947582 0.0260779551660199]
127,127,[4.87403292230032 8.99999876002718],0.000755352169305963,[0.00776386480289921 0.132272298956873],0.0001,False,[-0.0256000959684622 -5.18338976291943e-5],[0.113362238402660 0.0274881905654272]
128,128,[4.87675199501409 8.99999944171936],0.000692214749737964,[0.00704500970611027 0.119045069122687],0.0001,False,[-0.0239857006362080 -2.47994564688270e-5],[0.118998665135209 0.0289746661475149]
129,129,[4.87942538938974 8.99999976523926],0.000634080981664202,[0.00639097973212455 0.107140562222885],0.0001,False,[-0.0224657509612539 -1.11656127614879e-5],[0.124931906727504 0.0305415011401407]
130,130,[4.88205337037477 8.99999990863817],0.000580581770964528,[0.00579613017205845 0.0964265060028013],0.0001,False,[-0.0210353067832054 -4.69521469881329e-6],[0.131177956800673 0.0321930370699969]
131,131,[4.88463621757275 8.99999996746246],0.000531372655666319,[0.00525528536077390 0.0867838554028550],0.0001,False,[-0.0196896434506289 -1.82723658781470e-6],[0.137753670437098 0.0339338497211367]
132,132,[4.88717422498362 8.99999998954494],0.000486132388061730,[0.00476370210607050 0.0781054698626119],0.0001,False,[-0.0184242452692063 -6.50750706654435e-7],[0.144676809849881 0.0357687617387263]
133,133,[4.88966770071854 8.99999999702423],0.000444561582683955,[0.00431703572505376 0.0702949228763551],0.0001,False,[-0.0172347989806429 -2.09101187920169e-7],[0.151966092411059 0.0377028559089777]
134,134,[4.89211696669039 8.99999999926813],0.000406381426201460,[0.00391130852513560 0.0632654305887199],0.0001,False,[-0.0161171872816607 -5.95153721860697e-8],[0.159641241155311 0.0397414891498540]
135,135,[4.89452235828057 8.99999999984984],0.000371332447106728,[0.00354288057518586 0.0569388875298480],0.0001,False,[-0.0150674823921649 -1.46374077303335e-8],[0.167723037881069 0.0418903072497326]
136,136,[4.89688422398318 8.99999999997565],0.000339173343544052,[0.00320842262018627 0.0512449987768632],0.0001,False,[-0.0140819396813765 -3.00315150525421e-9],[0.176233378976271 0.0441552603933912]
137,137,[4.89920292502779 8.99999999999715],0.000309679867694797,[0.00290489100033346 0.0461204988991768],0.0001,False,[-0.0131569913604197 -4.87091256218264e-10],[0.185195334101495 0.0465426195167787]
138,138,[4.90147883498165 8.99999999999980],0.000282643765120072,[0.00262950444289108 0.0415084490092592],0.0001,False,[-0.0122892402494888 -5.69002622796688e-11],[0.194633207868803 0.0490589935341746]
139,139,[4.90371233933289 9.00000000000000],0.000257871767427536,[0.00237972260219731 0.0373576041083332],0.0001,False,[-0.0114754536273471 -3.95061761082616e-12],[0.204572604660371 0.0517113474835646]
140,140,[4.90590383505583 9.00000000000000],0.000235184636598856,[0.00215322623009070 0.0336218436974999],0.0001,False,[-0.0107125571705003 -5.68434188608080e-14],[0.215040496736837 0.0545070216383916]
141,141,[4.90805373015981 9.00000000000000],0.000214416259290174,[0.00194789886562171 0.0302596593277499],0.0001,False,[-0.00999762898895636 0],[0.226065295791243 0.0574537516362772]
142,142,[4.91016244322291 9.00000000000000],0.000195412789399957,[0.00176180993926872 0.0272336933949749],0.0001,False,[-0.00932789376503663 0],[0.237676928110489 0.0605596896778621]
143,143,[4.91223040291212 9.00000000000000],0.000178031837186778,[0.00159319919297541 0.0245103240554774],0.0001,False,[-0.00870071700123497 0],[0.249906913512282 0.0638334268515831]
144,144,[4.91425804749132 9.00000000000000],0.000162141703213681,[0.00144046232317207 0.0220592916499297],0.0001,False,[-0.00811359938264403 0],[0.262788448231734 0.0672840166429933]
145,145,[4.91624582431862 9.00000000000000],0.000147620655395808,[0.00130213775953838 0.0198533624849367],0.0001,False,[-0.00756417125897650 0],[0.276356491937838 0.0709209996901523]
146,146,[4.91819418933473 9.00000000000000],0.000134356247433217,[0.00117689449761156 0.0178680262364431],0.0001,False,[-0.00705018725071771 0],[0.290647859066210 0.0747544298496568]
147,147,[4.92010360654366 9.00000000000000],0.000122244676921625,[0.00106352090844559 0.0160812236127988],0.0001,False,[-0.00656952098344099 0],[0.305701314660489 0.0787949016410639]
148,148,[4.92197454748748 9.00000000000000],0.000111190181449310,[0.000960914453387070 0.0144731012515189],0.0001,False,[-0.00612015995382458 0],[0.321557674920735 0.0830535791407791]
149,149,[4.92380749071662 9.00000000000000],0.000101104471008643,[0.000868072236657050 0.0130257911263670],0.0001,False,[-0.00570020053040841 0],[0.338259912662918 0.0875422263999391]
150,150,[4.92560292125722 9.00000000000000],9.19061950752122e-5,[0.000784082332819893 0.0117232120137303],0.0001,False,[-0.00530784309164070 0],[0.355853267899179 0.0922732394644251]
151,151,[4.92736133007705 9.00000000000000],8.35204427359013e-5,[0.000708115830386007 0.0105508908123573],0.0001,False,[-0.00494138730328238 0],[0.374385363753768 0.0972596800788956]
152,152,[4.92908321355139 9.00000000000000],7.58782742793476e-5,[0.000639419536740900 0.00949580173112154],0.0001,False,[-0.00459922753676506 0],[0.393906327934522 0.102515311160633]
153,153,[4.93076907293043 9.00000000000000],6.89162826974347e-5,[0.000577309293324882 0.00854622155800938],0.0001,False,[-0.00427984842964277 0],[0.414468919984196 0.108054634133054]
154,154,[4.93241941380945 9.00000000000000],6.25761835845547e-5,[0.000521163853512561 0.00769159940220844],0.0001,False,[-0.00398182058883473 0],[0.436128664539905 0.113892928212954]
155,155,[4.93403474560322 9.00000000000000],5.68044319620691e-5,[0.000470419278965926 0.00692243946198760],0.0001,False,[-0.00370379643693043 0],[0.458943990832258 0.120046291749911]
156,156,[4.93561558102575 9.00000000000000],5.15518645981280e-5,[0.000424563813366499 0.00623019551578884],0.0001,False,[-0.00344450620142478 0],[0.482976378658278 0.126531685720839]
157,157,[4.93716243557679 9.00000000000000],4.67733664376845e-5,[0.000383133195377999 0.00560717596420996],0.0001,False,[-0.00320275404636288 0],[0.508290511063879 0.133366979487313]
158,158,[4.93867582703612 9.00000000000000],4.24275598036058e-5,[0.000345706375458685 0.00504645836778896],0.0001,False,[-0.00297741434551272 0],[0.534954433972300 0.140570998928201]
159,159,[4.94015627496669 9.00000000000000],3.84765150770928e-5,[0.000311901603739382 0.00454181253101007],0.0001,False,[-0.00276742809584059 0],[0.563039722994269 0.148163577065078]
160,160,[4.94160430022773 9.00000000000000],3.48854816137287e-5,[0.000281372858616703 0.00408763127790906],0.0001,False,[-0.00257179946974737 0],[0.592621657653745 0.156165607303094]
161,161,[4.94302042449871 9.00000000000000],3.16226377002657e-5,[0.000253806587988658 0.00367886815011815],0.0001,False,[-0.00238959250422731 0],[0.623779403259503 0.164599099415252]
162,162,[4.94440516981494 9.00000000000000],2.86588584062286e-5,[0.000228918737188943 0.00331098133510634],0.0001,False,[-0.00221992792484371 0],[0.656596200647444 0.173487238403499]
163,163,[4.94575905811584 9.00000000000000],2.59675002335376e-5,[0.000206452039664221 0.00297988320159570],0.0001,False,[-0.00206198010216656 0],[0.691159564011096 0.182854446375616]
164,164,[4.94708261080622 9.00000000000000],2.35242015162699e-5,[0.000186173548292757 0.00268189488143613],0.0001,False,[-0.00191497413809619 0],[0.727561487027980 0.192726447582601]
165,165,[4.94837634833160 9.00000000000000],2.13066975711770e-5,[0.000167872386969832 0.00241370539329252],0.0001,False,[-0.00177818307929925 0],[0.765898657477099 0.203130336767049]
166,166,[4.94964078976785 9.00000000000000],1.92946496475282e-5,[0.000151357703692545 0.00217233485396327],0.0001,False,[-0.00165092525480670 0],[0.806272680527420 0.214094650978968]
167,167,[4.95087645242574 9.00000000000000],1.74694867720248e-5,[0.000136456807870348 0.00195510136856694],0.0001,False,[-0.00153256173467236 0],[0.848790310858508 0.225649445021434]
168,168,[4.95208385147080 9.00000000000000],1.58142596307568e-5,[0.000123013475974705 0.00175959123171025],0.0001,False,[-0.00142249390646029 0],[0.893563693751980 0.237826370694600]
169,169,[4.95326349955883 9.00000000000000],1.43135056754302e-5,[0.000110886410927714 0.00158363210853922],0.0001,False,[-0.00132016116621885 0],[0.940710615265854 0.250658760012609]
170,170,[4.95441590648733 9.00000000000000],1.29531246850701e-5,[9.99478418216182e-5 0.00142526889768530],0.0001,False,[-0.00122503872051337 0],[0.990354761572586 0.264181712574106]
171,171,[4.95554157886298 9.00000000000000],1.17202640572137e-5,[9.00822516645371e-5 0.00128274200791677],0.0001,False,[-0.00113663549601748 0],[1.04262598750515 0.278432187273110]
172,172,[4.95664101978544 9.00000000000000],1.06032131439847e-5,[8.11852218681814e-5 0.00115446780712509],0.0001,False,[-0.00105449215311475 0],[1.09766059431345 0.293449098542999]
173,173,[4.95771472854738 9.00000000000000],9.59130598844161e-6,[7.31623831360803e-5 0.00103902102641258],0.0001,False,[-0.000978179199927251 0],[1.15560161658478 0.309273417332285]
174,174,[4.95876320035088 9.00000000000000],8.67483185509422e-6,[6.59284632810421e-5 0.000935118923771326],0.0001,False,[-0.000907295203171450 0],[1.21659911822688 0.325948277016597]
175,175,[4.95978692604012 9.00000000000000],7.84495298548850e-6,[5.94064233030835e-5 0.000841607031394193],0.0001,False,[-0.000841465092238790 0],[1.28081049734887 0.343519084456796]
176,176,[4.96078639185017 9.00000000000000],7.09362904520822e-6,[5.35266737984911e-5 0.000757446328254774],0.0001,False,[-0.000780338552910946 0],[1.34840079980405 0.362033636418427]
177,177,[4.96176207917194 9.00000000000000],6.41354776255147e-6,[4.82263644514090e-5 0.000681701695429297],0.0001,False,[-0.000723588507143252 0],[1.41954304107795 0.381542241572544]
178,178,[4.96271446433282 9.00000000000000],5.79806129148210e-6,[4.34487399855208e-5 0.000613531525886367],0.0001,False,[-0.000670909675386346 0],[1.49441853611448 0.402097848302455]
179,179,[4.96364401839313 9.00000000000000],5.24112786225615e-6,[3.91425565289128e-5 0.000552178373297730],0.0001,False,[-0.000622017217962185 0],[1.57321723657134 0.423756178544780]
180,180,[4.96455120695771 9.00000000000000],4.73725831237900e-6,[3.52615528737605e-5 0.000496960535967957],0.0001,False,[-0.000576645452066711 0],[1.65613807488285 0.446575867896522]
181,181,[4.96543649000273 9.00000000000000],4.28146711828756e-6,[3.17639715975286e-5 0.000447264482371162],0.0001,False,[-0.000534546641035393 0],[1.74338931438211 0.470618612222347]
182,182,[4.96630032171710 9.00000000000000],3.86922757442758e-6,[2.86121254571766e-5 0.000402538034134045],0.0001,False,[-0.000495489852578681 0],[1.83518890459468 0.495949320997850]
183,183,[4.96714315035829 9.00000000000000],3.49643079118265e-6,[2.57720048754515e-5 0.000362284230720641],0.0001,False,[-0.000459259882773500 0],[1.93176484066124 0.522636277625193]
184,184,[4.96796541812210 9.00000000000000],3.15934820652906e-6,[2.32129227115994e-5 0.000326055807648577],0.0001,False,[-0.000425656242678124 0],[2.03335552567649 0.550751306956807]
185,185,[4.96876756102601 9.00000000000000],2.85459732829974e-6,[2.09071928503827e-5 0.000293450226883719],0.0001,False,[-0.000394492204527120 0],[2.14021013454405 0.580369950260826]
186,186,[4.96955000880566 9.00000000000000],2.57911044466271e-6,[1.88298394556491e-5 0.000264105204195347],0.0001,False,[-0.000365593904552554 0],[2.25258897774200 0.611571647858279]
187,187,[4.97031318482407 9.00000000000000],2.33010605984097e-6,[1.69583340201753e-5 0.000237694683775813],0.0001,False,[-0.000338799499573254 0],[2.37076386316964 0.644439929656561]
188,188,[4.97105750599308 9.00000000000000],2.10506283031665e-6,[1.52723576042552e-5 0.000213925215398231],0.0001,False,[-0.000313958374589142 0],[2.49501845400196 0.679062613796179]
189,189,[4.97178338270671 9.00000000000000],1.90169579379921e-6,[1.37535858935194e-5 0.000192532693858408],0.0001,False,[-0.000290930398715959 0],[2.62564862021371 0.715532013617820]
190,190,[4.97249121878573 9.00000000000000],1.71793469916480e-6,[1.23854949236234e-5 0.000173279424472567],0.0001,False,[-0.000269585226894138 0],[2.76296278114870 0.753945153144250]
191,191,[4.97318141143328 9.00000000000000],1.55190426042627e-6,[1.11531855174408e-5 0.000155951482025311],0.0001,False,[-0.000249801644905139 0],[2.90728223620139 0.794403991255923]
192,192,[4.97385435120077 9.00000000000000],1.40190617164302e-6,[1.00432246608376e-5 0.000140356333822780],0.0001,False,[-0.000231466955326934 0],[3.05894148034699 0.837015654720298]
193,193,[4.97451042196389 9.00000000000000],1.26640273256794e-6,[9.04350220746210e-6 0.000126320700440502],0.0001,False,[-0.000214476402158988 0],[3.21828850090223 0.881892680212115]
194,194,[4.97515000090803 9.00000000000000],1.14400194680982e-6,[8.14310145261585e-6 0.000113688630396451],0.0001,False,[-0.000198732631944507 0],[3.38568505152268 0.929153265434994]
195,195,[4.97577345852280 9.00000000000000],1.03344396541100e-6,[7.33218225242901e-6 0.000102319767356806],0.0001,False,[-0.000184145189313811 0],[3.56150689904281 0.978921529423127]
196,196,[4.97638115860513 9.00000000000000],9.33588759061409e-7,[6.60187548841064e-6 9.20877906211257e-5],0.0001,False,[-0.000170630044966750 0],[3.74614403834524 1.03132778206506]
197,197,[4.97697345827056 9.00000000000000],8.43404911727288e-7,[5.94418779003392e-6 8.28790115590131e-5],0.0001,False,[-0.000158109154205029 0],[3.94000087000425 1.08650880284901]
198,198,[4.97755070797224 9.00000000000000],7.61959437317855e-7,[5.35191553033613e-6 7.45911104031118e-5],0.0001,False,[-0.000146510044215468 0],[4.14349633498981 1.14460812878030]
199,199,[4.97811325152720 9.00000000000000],6.88408529193755e-7,[4.81856720245720e-6 6.71319993628006e-5],0.0001,False,[-0.000135765428393112 0],[4.35706400024351 1.20577635136554]
200,200,[4.97866142614962 9.00000000000000],6.21989159873532e-7,[4.33829336943532e-6 6.04187994265206e-5],0.0001,False,[-0.000125812846078863 0],[4.58115208845046 1.27017142249463]
201,201,[4.97919556249045 9.00000000000000],5.62011455264915e-7,[3.90582345618127e-6 5.43769194838685e-5],0.0001,False,[-0.000116594326169073 0],[4.81622344483592 1.33795896897961]
202,202,[4.97971598468324 9.00000000000000],5.07851774172990e-7,[3.51640872205728e-6 4.89392275354817e-5],0.0001,False,[-0.000108056073134771 0],[5.06275543331674 1.40931261542795]
203,203,[4.98022301039563 9.00000000000000],4.58946429755007e-7,[3.16577081552842e-6 4.40453047819335e-5],0.0001,False,[-0.000100148174065587 0],[5.32123975384290 1.48441431503680]
204,204,[4.98071695088622 9.00000000000000],4.14785995038562e-7,[2.85005536951469e-6 3.96407743037401e-5],0.0001,False,[-9.28243254278759e-5 0],[5.59218217227963 1.56345468779199]
205,205,[4.98119811106645 9.00000000000000],3.74910139627496e-7,[2.56579014788283e-6 3.56766968733661e-5],0.0001,False,[-8.60415782983417e-5 0],[5.87610215371658 1.64663336544169]
206,206,[4.98166678956715 9.00000000000000],3.38902949320389e-7,[2.30984730046415e-6 3.21090271860295e-5],0.0001,False,[-7.97601009031741e-5 0],[6.17353238965520 1.73415934248734]
207,207,[4.98212327880939 9.00000000000000],3.06388684591042e-7,[2.07940932651203e-6 2.88981244674266e-5],0.0001,False,[-7.39429573585539e-5 0],[6.48501820913317 1.82625133229362]
208,208,[4.98256786507943 9.00000000000000],2.77027937755024e-7,[1.87193838502486e-6 2.60083120206839e-5],0.0001,False,[-6.85559015714801e-5 0],[6.81111686350672 1.92313812726339]
209,209,[4.98300082860732 9.00000000000000],2.50514152198095e-7,[1.68514862522732e-6 2.34074808186155e-5],0.0001,False,[-6.35671853200393e-5 0],[7.15239667434477 2.02505896185174]
210,210,[4.98342244364906 9.00000000000000],2.26570470297694e-7,[1.51698124206064e-6 2.10667327367540e-5],0.0001,False,[-5.89473795895809e-5 0],[7.50943603370852 2.13226387700460]
211,211,[4.98383297857178 9.00000000000000],2.04946879645508e-7,[1.36558199008815e-6 1.89600594630786e-5],0.0001,False,[-5.46692082961623e-5 0],[7.88282224601619 2.24501408440071]
212,212,[4.98423269594193 9.00000000000000],1.85417629906688e-7,[1.22928091505570e-6 1.70640535167707e-5],0.0001,False,[-5.07073935802962e-5 0],[8.27315020074405 2.36358232864988]
213,213,[4.98462185261613 9.00000000000000],1.67778895141341e-7,[1.10657408571034e-6 1.53576481650936e-5],0.0001,False,[-4.70385119038205e-5 0],[8.68102086541447 2.48825324535481]
214,214,[4.98500069983436 9.00000000000000],1.51846658691753e-7,[9.96107129607465e-7 1.38218833485843e-5],0.0001,False,[-4.36408602293166e-5 0],[9.10703958869146 2.61932371267731]
215,215,[4.98536948331542 9.00000000000000],1.37454799817605e-7,[8.96660395735941e-7 1.24396950137259e-5],0.0001,False,[-4.04943316061214e-5 0],[9.55181420396919 2.75710319376129]
216,216,[4.98572844335425 9.00000000000000],1.24453363159250e-7,[8.07135584053616e-7 1.11957255123533e-5],0.0001,False,[-3.75802995289870e-5 0],[10.0159529246228 2.90191406705480]
217,217,[4.98607781492111 9.00000000000000],1.12706993840525e-7,[7.26543697625558e-7 1.00761529611179e-5],0.0001,False,[-3.48815104752563e-5 0],[10.5000620231197 3.05409194124006]
218,218,[4.98641782776221 9.00000000000000],1.02093522600567e-7,[6.53994187152195e-7 9.06853766500615e-6],0.0001,False,[-3.23819840640982e-5 0],[11.0047432874869 3.21398595112435]
219,219,[4.98674870650174 9.00000000000000],9.25026867826246e-8,[5.88685170406709e-7 8.16168389850553e-6],0.0001,False,[-3.00669203167757e-5 0],[11.5305912502194 3.38195903046612]
220,220,[4.98707067074500 9.00000000000000],8.38349743181368e-8,[5.29894620600675e-7 7.34551550865498e-6],0.0001,False,[-2.79226135304612e-5 0],[12.0781901866196 3.55838815730902]
221,221,[4.98738393518251 9.00000000000000],7.60005790366702e-8,[4.76972428081467e-7 6.61096395778948e-6],0.0001,False,[-2.59363723097170e-5 0],[12.6481108817907 3.74366456697423]
222,222,[4.98768870969489 9.00000000000000],6.89184567183535e-8,[4.29333249141071e-7 5.94986756201053e-6],0.0001,False,[-2.40964453293885e-5 0],[13.2409071680923 3.93819392741834]
223,223,[4.98798519945834 9.00000000000000],6.25154722921007e-8,[3.86450064180330e-7 5.35488080580948e-6],0.0001,False,[-2.23919524307739e-5 0],[13.8571122378019 4.14239647120292]
224,224,[4.98827360505048 9.00000000000000],5.67256294811774e-8,[3.47848375112759e-7 4.81939272522853e-6],0.0001,False,[-2.08128206790744e-5 0],[14.4972347390221 4.35670707784536]
225,225,[4.98855412255644 9.00000000000000],5.14893750133402e-8,[3.13100978787376e-7 4.33745345270568e-6],0.0001,False,[-1.93497250349664e-5 0],[15.1617546665205 4.58157529983150]
226,226,[4.98882694367505 9.00000000000000],4.67529702540525e-8,[2.81823259432137e-7 3.90370810743511e-6],0.0001,False,[-1.79940333162745e-5 0],[15.8511190631734 4.81746532507371]
227,227,[4.98909225582474 9.00000000000000],4.24679237947498e-8,[2.53668948733661e-7 3.51333729669160e-6],0.0001,False,[-1.67377551474902e-5 0],[16.5657375519785 5.06485586809890]
228,228,[4.98935024224930 9.00000000000000],3.85904791390992e-8,[2.28326307233749e-7 3.16200356702244e-6],0.0001,False,[-1.55734946153454e-5 0],[17.3059777231681 5.32423998175471]
229,229,[4.98960108212301 9.00000000000000],3.50811521849594e-8,[2.05514685291969e-7 2.84580321032020e-6],0.0001,False,[-1.44944063677221e-5 0],[18.0721604057405 5.59612478073840]
230,230,[4.98984495065511 9.00000000000000],3.19043137032739e-8,[1.84981425984449e-7 2.56122288928818e-6],0.0001,False,[-1.34941549110978e-5 0],[18.8645548576674 5.88103106778849]
231,231,[4.99008201919337 9.00000000000000],2.90278124712108e-8,[1.66499076025452e-7 2.30510060035936e-6],0.0001,False,[-1.25668768785725e-5 0],[19.6833739140456 6.17949285294626]
232,232,[4.99031245532666 9.00000000000000],2.64226351309733e-8,[1.49862874149785e-7 2.07459054032342e-6],0.0001,False,[-1.17071460561057e-5 0],[20.5287691374521 6.49205675590353]
233,233,[4.99053642298612 9.00000000000000],2.40625992208669e-8,[1.34888489416002e-7 1.86713148629108e-6],0.0001,False,[-1.09099409693319e-5 0],[21.4008260196109 6.81928128111928]
234,234,[4.99075408254498 9.00000000000000],2.19240761649602e-8,[1.21409984615038e-7 1.68041833766197e-6],0.0001,False,[-1.01706148470436e-5 0],[22.2995592880765 7.16173595512452]
235,235,[4.99096559091660 9.00000000000000],1.99857413158101e-8,[1.09277982425234e-7 1.51237650389578e-6],0.0001,False,[-9.48486779018414e-6 0],[23.2249083758301 7.52000031526156]
236,236,[4.99117110165078 9.00000000000000],1.82283484236228e-8,[9.83580141690215e-8 1.36113885350620e-6],0.0001,False,[-8.84872098720548e-6 0],[24.1767331153417 7.89466273903642]
237,237,[4.99137076502781 9.00000000000000],1.66345261576657e-8,[8.85290330224981e-8 1.22502496815558e-6],0.0001,False,[-8.25849282780502e-6 0],[25.1548097216047 8.28631910332467]
238,238,[4.99156472815045 9.00000000000000],1.51885945345252e-8,[7.96820753280994e-8 1.10252247134002e-6],0.0001,False,[-7.71077677744141e-6 0],[26.1588271307565 8.69557126288080]
239,239,[4.99175313503330 9.00000000000000],1.38763993145762e-8,[7.17190552819496e-8 9.92270224206019e-7],0.0001,False,[-7.20242088479288e-6 0],[27.1883837620035 9.12302533798490]
240,240,[4.99193612668956 9.00000000000000],1.26851626153184e-8,[6.45516797286299e-8 8.93043201785417e-7],0.0001,False,[-6.73050880333561e-6 0],[28.2429847705263 9.56928980163943]
241,241,[4.99211384121495 9.00000000000000],1.16033481596482e-8,[5.81004711128241e-8 8.03738881606875e-7],0.0001,False,[-6.29234221668210e-6 0],[29.3220398577265 10.0349733575313]
242,242,[4.99228641386863 9.00000000000000],1.06205397301808e-8,[5.22938878237729e-8 7.23364993446188e-7],0.0001,False,[-5.88542456520223e-6 0],[30.4248617024795 10.5206826010213]
243,243,[4.99245397715087 9.00000000000000],9.72733153940185e-9,[4.70675322375165e-8 6.51028494101569e-7],0.0001,False,[-5.50744597872308e-6 0],[31.5506650728966 11.0270194567443]
244,244,[4.99261666087743 9.00000000000000],8.91522935061299e-9,[4.23634377251021e-8 5.85925644691412e-7],0.0001,False,[-5.15626932697360e-6 0],[32.6985666724376 11.5545783880138]
245,245,[4.99277459225048 9.00000000000000],8.17656129781869e-9,[3.81294267627099e-8 5.27333080222271e-7],0.0001,False,[-4.82991730576882e-6 0],[33.8675857670286 12.1039433751590]
246,246,[4.99292789592586 9.00000000000000],7.50439745504380e-9,[3.43185330614194e-8 4.74599772200044e-7],0.0001,False,[-4.52656048282308e-6 0],[35.0566456311881 12.6756846621810]
247,247,[4.99307669407673 9.00000000000000],6.89247729805231e-9,[3.08884813385933e-8 4.27139794980039e-7],0.0001,False,[-4.24450623258398e-6 0],[36.2645758411115 13.2703552737305]
248,248,[4.99322110645341 9.00000000000000],6.33514428493534e-9,[2.78012189872546e-8 3.84425815482035e-7],0.0001,False,[-3.98218849459769e-6 0],[37.4901154313636 13.8884873073755]
249,249,[4.99336125043938 9.00000000000000],5.82728685749881e-9,[2.50224944712727e-8 3.45983233933832e-7],0.0001,False,[-3.73815829465085e-6 0],[38.7319169194562 14.5305880094543]
250,250,[4.99349724110350 9.00000000000000],5.36428523359427e-9,[2.25214777888916e-8 3.11384910540449e-7],0.0001,False,[-3.51107497234881e-6 0],[39.9885511893761 15.1971356464898]
251,251,[4.99362919124840 9.00000000000000],4.94196342200339e-9,[2.02704188107331e-8 2.80246419486404e-7],0.0001,False,[-3.29969806291587e-6 0],[41.2585132113576 15.8885751881534]
252,252,[4.99375721145500 9.00000000000000],4.55654594714566e-9,[1.82443397159557e-8 2.52221777537763e-7],0.0001,False,[-3.10287978477712e-6 0],[42.5402285611721 16.6053138220921]
253,253,[4.99388141012336 9.00000000000000],4.20461882102417e-9,[1.64207581263030e-8 2.26999599783987e-7],0.0001,False,[-2.91955808805494e-6 0],[43.8320606882735 17.3477163255250]
254,254,[4.99400189350992 9.00000000000000],3.88309434511503e-9,[1.47794378764513e-8 2.04299639805588e-7],0.0001,False,[-2.74875022238466e-6 0],[45.1323188686507 18.1161003233231]
255,255,[4.99411876576117 9.00000000000000],3.58917936585299e-9,[1.33021646640616e-8 1.83869675825030e-7],0.0001,False,[-2.58954678549941e-6 0],[46.4392667655508 18.9107314672478]
256,256,[4.99423212894398 9.00000000000000],3.32034664419657e-9,[1.19725440976116e-8 1.65482708242527e-7],0.0001,False,[-2.44110621689388e-6 0],[47.7511315097107 19.7318185760422]
257,257,[4.99434208307279 9.00000000000000],3.07430903312276e-9,[1.07758199074161e-8 1.48934437418274e-7],0.0001,False,[-2.30264970346845e-6 0],[49.0661132006854 20.5795087810679]
258,258,[4.99444872613381 9.00000000000000],2.84899618693246e-9,[9.69871030797572e-9 1.34040993676447e-7],0.0001,False,[-2.17345646652309e-6 0],[50.3823947225921 21.4538827270232]
259,259,[4.99455215410650 9.00000000000000],2.64253355335823e-9,[8.72926070035047e-9 1.20636894308802e-7],0.0001,False,[-2.05285940172156e-6 0],[51.6981517613457 22.3549498818598]
260,260,[4.99465246098254 9.00000000000000],2.45322342395065e-9,[7.85671108384698e-9 1.08573204877922e-7],0.0001,False,[-1.94024104574048e-6 0],[53.0115629064229 23.2826440141864]
261,261,[4.99474973878262 9.00000000000000],2.27952784026353e-9,[7.07137670891558e-9 9.77158843901296e-8],0.0001,True,[-1.83502984527286e-6 0],[54.3208197184949 24.2368189000592]
